iterations,fitness,time,fevals
0,116.0,0.000155614,45
1,118.0,0.000192799,47
