iterations,fitness,time,fevals
0,59.0,7.63679999998e-05,45
1,59.0,0.000122082999999,47
