iterations,fitness,time,fevals
0,88.0,0.00011241,46
1,88.0,0.000131901,48
