iterations,fitness,time,fevals
0,93.0,0.000107488,46
1,93.0,0.000131963,48
