iterations,fitness,time,fevals
0,114.0,0.000145584,47
1,114.0,0.000166102,49
