iterations,fitness,time,fevals
0,31.0,4.79969999998e-05,45
1,31.0,6.32719999998e-05,47
