iterations,fitness,time,fevals
0,58.0,7.24540000001e-05,45
1,58.0,0.000126461,47
