iterations,fitness,time,fevals
0,117.0,0.000191785,46
1,117.0,0.000213971,48
