iterations,fitness,time,fevals
0,84.0,0.00017278,47
1,84.0,0.000209099,49
