iterations,fitness,time,fevals
0,92.0,0.000220541,47
1,92.0,0.000238233,49
