iterations,fitness,time,fevals
0,30.0,9.59869999999e-05,45
1,30.0,0.000113986,47
