iterations,fitness,time,fevals
0,30.0,6.78540000001e-05,45
1,30.0,8.40730000005e-05,47
