iterations,fitness,time,fevals
0,35.0,9.83689999998e-05,48
1,35.0,0.000112174,50
