iterations,fitness,time,fevals
0,62.0,7.08839999999e-05,44
1,62.0,8.70339999999e-05,46
