iterations,fitness,time,fevals
0,89.0,0.00014707,46
1,89.0,0.00016729,48
