iterations,fitness,time,fevals
0,110.0,0.00026894,45
1,110.0,0.000290066,47
