iterations,fitness,time,fevals
0,63.0,7.80109999998e-05,46
1,63.0,9.53859999999e-05,48
