iterations,fitness,time,fevals
0,112.0,0.000144347,45
1,114.0,0.000174289,48
