iterations,fitness,time,fevals
0,35.0,4.67139999998e-05,47
1,35.0,6.20959999997e-05,49
