iterations,loss,acc_trg,f1_trg,time
0,0.091599677748,0.724176646707,0.730135481509,0.005529832
