iterations,loss,acc_trg,f1_trg,time
0,0.249210200398,0.501497005988,0,0.004886704
