iterations,loss,acc_trg,f1_trg,time
0,0.132422716804,0.579715568862,0.504194260486,0.025187533
