iterations,loss,acc_trg,f1_trg,time
0,0.17061919296,0.517215568862,0.520089285714,0.006355594
