iterations,fitness,time,fevals
0,65.0,0.12887308,197226
1,65.0,0.129083155,197608
