iterations,fitness,time,fevals
0,59.0,0.156591298,197336
1,59.0,0.156930126,197726
