iterations,fitness,time,fevals
0,60.0,0.098603532,197021
1,60.0,0.098853614,197408
