iterations,fitness,time,fevals
0,87.0,0.078342672,197388
1,87.0,0.078515068,197780
