iterations,fitness,time,fevals
0,88.0,0.079767362,196830
1,88.0,0.079949025,197224
