iterations,fitness,time,fevals
0,32.0,0.083248373,125603
1,44.0,0.134711089,197008
