iterations,fitness,time,fevals
0,20.0,0.009959974,15616
1,19.0,0.0125318,19183
