iterations,fitness,time,fevals
0,89.0,0.127676697,197320
1,89.0,0.127893521,197706
