iterations,fitness,time,fevals
0,66.0,0.118431204,196786
1,66.0,0.11865746,197184
