iterations,fitness,time,fevals
0,19.0,0.010664615,14444
1,19.0,0.014459286,19558
