iterations,fitness,time,fevals
0,60.0,0.120385688,197314
1,60.0,0.120717004,197697
