iterations,fitness,time,fevals
0,89.0,0.083961032,197280
1,89.0,0.08414352,197659
