iterations,fitness,time,fevals
0,42.0,0.089518601,124952
1,59.0,0.12661655,197183
