iterations,fitness,time,fevals
0,23.0,0.017242355,30557
1,61.0,0.122312439,197083
