iterations,fitness,time,fevals
0,20.0,0.010101629,18776
1,30.0,0.040051711,64750
