iterations,fitness,time,fevals
0,49.0,0.163046162,197103
1,49.0,0.163342015,197490
