iterations,fitness,time,fevals
0,33.0,0.057121849,74157
1,55.0,0.158042156,197341
