iterations,fitness,time,fevals
0,29.0,0.028846059,37555
1,39.0,0.093003594,121995
