iterations,fitness,time,fevals
0,14.0,0.006347529,10118
1,43.0,0.132770701,178246
