iterations,fitness,time,fevals
0,89.0,0.079735311,196835
1,89.0,0.079917997,197237
