iterations,loss,acc_trg,f1_trg,time
0,0.124407276152,0.500748502994,0.65671641791,0.002167059
