iterations,loss,acc_trg,f1_trg,time
0,0.127701509042,0.501497005988,0,0.001839785
