iterations,loss,acc_trg,f1_trg,time
0,0.11603535489,0.501497005988,0,0.028587602
