iterations,fitness,time,fevals
0,12848.2724978,0.039222164,83903
1,12848.2724978,0.039320909,84071
