iterations,fitness,time,fevals
0,10665.3220056,0.03485839,83877
1,10737.8487984,0.034942789,84043
