iterations,fitness,time,fevals
0,10942.6909533,0.039816579,83832
1,10991.4859876,0.039919232,84000
