iterations,fitness,time,fevals
0,10833.903552,0.037648211,83877
1,10813.2471851,0.037746654,84040
