iterations,fitness,time,fevals
0,10302.1562034,0.044418893,83836
1,10302.1562034,0.04452535,84007
