iterations,fitness,time,fevals
0,10420.9883166,0.04960353,83952
1,10398.7636539,0.049690901,84121
