iterations,fitness,time,fevals
0,9776.54424065,0.036477146,83820
1,9764.00889262,0.036566368,83995
