iterations,fitness,time,fevals
0,12735.5259025,0.043669368,83762
1,12878.0485276,0.043773759,83932
