iterations,fitness,time,fevals
0,13406.4167086,0.055010666,83794
1,13510.3630915,0.055132144,83963
