iterations,fitness,time,fevals
0,10773.7571557,0.033071555,83812
1,10621.4347982,0.033155068,83980
