iterations,fitness,time,fevals
0,13777.4677129,0.043461617,83840
1,13707.4196838,0.043563954,84005
