iterations,fitness,time,fevals
0,9605.81898579,0.036996221,83770
1,9605.81898579,0.037089002,83938
