iterations,fitness,time,fevals
0,10859.1630724,0.043037419,83884
1,10834.7361365,0.043167069,84051
