iterations,fitness,time,fevals
0,11190.6024649,0.04065751,83748
1,11030.8486156,0.040760176,83911
