iterations,fitness,time,fevals
0,11528.0137003,0.042225791,83857
1,11444.6786599,0.042411351,84022
