iterations,fitness,time,fevals
0,10947.9417353,0.042197579,83878
1,10948.2872936,0.042293642,84040
