iterations,fitness,time,fevals
0,11484.8686036,0.043075599,83822
1,11382.1791611,0.043228701,83989
