iterations,fitness,time,fevals
0,12620.7376208,0.056069165,83832
1,12553.590578,0.05619861,83998
