iterations,fitness,time,fevals
0,12278.1608992,0.036827065,83732
1,12122.1498948,0.036925754,83896
