iterations,fitness,time,fevals
0,10915.7942555,0.038809004,83745
1,10915.7942555,0.038904424,83913
