iterations,fitness,time,fevals
0,13724.7471207,1.084971729,30601
1,13719.6591072,1.760582852,51201
