iterations,fitness,time,fevals
0,15115.3296522,1.311203106,31201
1,15113.9316871,3.906921665,100401
