iterations,fitness,time,fevals
0,14843.7169747,1.190060721,28001
1,14863.2079292,1.312635894,31401
