iterations,fitness,time,fevals
0,14918.2881387,1.691497241,51801
1,14858.075165,3.257250619,100401
