iterations,fitness,time,fevals
0,13472.0747386,1.218428708,36601
1,13444.0151876,1.542199616,46401
