iterations,fitness,time,fevals
0,11799.0698842,0.352096302,14801
1,11815.5020394,0.360818188,15401
