iterations,fitness,time,fevals
0,11378.2321991,0.3894528,12401
1,11359.0175421,0.669240327,23201
