iterations,fitness,time,fevals
0,10575.8838956,0.245943926,9801
1,10618.0355553,0.254688198,10401
