iterations,fitness,time,fevals
0,16802.2997712,2.750423177,67001
1,16814.072439,3.033660054,74401
