iterations,fitness,time,fevals
0,13279.8176152,0.908052545,32801
1,13311.1956597,1.353556729,49801
