iterations,fitness,time,fevals
0,12596.2851585,0.567372012,19201
1,12608.6444973,1.17410824,41601
