iterations,fitness,time,fevals
0,11206.9383469,0.28010016,11201
1,11164.1409395,0.288227892,11801
