iterations,fitness,time,fevals
0,10421.6233269,0.29017388,11801
1,10407.382012,0.298166374,12401
