iterations,fitness,time,fevals
0,13662.2878298,2.099448512,63601
1,13665.6734713,3.266950379,100401
