iterations,fitness,time,fevals
0,14442.733025,1.895005745,56001
1,14529.6806676,3.019198781,90801
