iterations,fitness,time,fevals
0,14492.892899,3.070762196,73601
1,14486.7200823,3.558408405,86001
