iterations,fitness,time,fevals
0,13033.8317256,0.336369624,10401
1,13052.4932453,0.635502917,21001
