iterations,fitness,time,fevals
0,14891.1983714,2.353682276,58401
1,14886.2998082,3.748600116,94801
