iterations,fitness,time,fevals
0,11340.8896708,0.396858707,11801
1,11352.3953441,0.473666504,15201
