iterations,fitness,time,fevals
0,11121.7031596,0.591662838,20601
1,11131.1110802,1.112551922,40401
