iterations,loss,acc_trg,f1_trg,time
0,0.132529291338,0.412050898204,0.574600595722,0.002905241
