iterations,loss,acc_trg,f1_trg,time
0,0.113904603252,0.681886227545,0.661084529506,0.004168242
