iterations,loss,acc_trg,f1_trg,time
0,0.117288422804,0.498502994012,0.665334665335,0.002347276
