iterations,loss,acc_trg,f1_trg,time
0,0.147489211808,0.370134730539,0.507750804329,0.002622286
