iterations,fitness,time,fevals
0,2.0,1.94200000001e-05,4
1,2.0,4.33550000001e-05,6
