iterations,fitness,time,fevals
0,1.0,1.14409999998e-05,4
1,1.0,2.41129999998e-05,6
