iterations,fitness,time,fevals
0,0.0,3.59619999999e-05,4
1,0.0,5.17369999999e-05,6
