iterations,fitness,time,fevals
0,3.0,1.25470000001e-05,4
1,3.0,3.57959999999e-05,6
