iterations,fitness,time,fevals
0,1.0,1.85319999999e-05,4
1,1.0,3.38149999999e-05,6
