iterations,fitness,time,fevals
0,0.0,1.64180000002e-05,4
1,0.0,3.78030000001e-05,6
