iterations,fitness,time,fevals
0,42.0,0.029513189,1101
1,42.0,0.033431408,1401
