iterations,fitness,time,fevals
0,77.0,0.041317735,1101
1,77.0,0.047177069,1401
