iterations,fitness,time,fevals
0,141.0,0.164539724,1301
1,149.0,0.229786649,2001
