iterations,fitness,time,fevals
0,154.0,0.22746156,1701
1,154.0,0.250481903,2001
