iterations,fitness,time,fevals
0,84.0,0.035822464,1101
1,84.0,0.044394218,1501
