iterations,fitness,time,fevals
0,112.0,0.109798088,1401
1,110.0,0.124882105,1701
