iterations,fitness,time,fevals
0,41.0,0.013818524,1001
1,43.0,0.016125653,1301
