iterations,fitness,time,fevals
0,100.0,0.037878737,501
1,112.0,0.089224483,1301
