iterations,fitness,time,fevals
0,40.0,0.007686487,801
1,40.0,0.010408232,1201
