iterations,fitness,time,fevals
0,108.0,0.091557017,1201
1,108.0,0.103463671,1501
