iterations,fitness,time,fevals
0,34.0,0.002481596,301
1,41.0,0.010472479,1101
