iterations,fitness,time,fevals
0,44.0,0.00858394,901
1,44.0,0.011814693,1301
