iterations,fitness,time,fevals
0,75.0,0.044836419,1301
1,77.0,0.050585299,1601
