iterations,fitness,time,fevals
0,116.0,0.085966847,1201
1,116.0,0.097987519,1501
