iterations,fitness,time,fevals
0,149.0,0.17285673,1401
1,149.0,0.195930554,1701
