iterations,fitness,time,fevals
0,152.0,0.167580835,1401
1,152.0,0.18909469,1701
