iterations,fitness,time,fevals
0,92.0,0.026084793,301
1,111.0,0.119429366,1301
