iterations,fitness,time,fevals
0,80.0,0.057893767,1101
1,78.0,0.065453775,1401
