iterations,fitness,time,fevals
0,78.0,0.038664659,1101
1,80.0,0.046939782,1501
