iterations,fitness,time,fevals
0,149.0,0.184447597,1501
1,149.0,0.210346618,1801
