iterations,loss,acc_trg,f1_trg,time
0,0.143956953428,0.501497005988,0,0.055575039
