iterations,loss,acc_trg,f1_trg,time
0,0.128362069325,0.400074850299,0.372602739726,0.129731902
