iterations,loss,acc_trg,f1_trg,time
0,0.131449365533,0.498502994012,0.665167416292,0.110857617
