iterations,loss,acc_trg,f1_trg,time
0,0.121356336694,0.570733532934,0.695027918107,0.096833462
