iterations,fitness,time,fevals
0,16.0,0.078352796,901
1,22.0,0.095710125,1201
