iterations,fitness,time,fevals
0,8.0,0.0210857,601
1,8.0,0.028948006,901
