iterations,fitness,time,fevals
0,15.0,0.097301386,801
1,17.0,0.117327499,1101
