iterations,fitness,time,fevals
0,11.0,0.070489257,501
1,18.0,0.165498442,1201
