iterations,fitness,time,fevals
0,21.0,0.046353969,601
1,12.0,0.064132747,901
