iterations,fitness,time,fevals
0,61.0,0.006956982,701
1,11.0,0.009168663,1001
