iterations,fitness,time,fevals
0,13.0,0.065461454,501
1,12.0,0.096643528,801
