iterations,fitness,time,fevals
0,65.0,0.014232034,1301
1,68.0,0.016625209,1601
