iterations,fitness,time,fevals
0,9.0,0.005761093,601
1,12.0,0.010397219,1101
