iterations,fitness,time,fevals
0,17.0,0.045672083,801
1,21.0,0.058529034,1101
