iterations,fitness,time,fevals
0,11.0,0.021185542,601
1,10.0,0.029684607,901
