iterations,fitness,time,fevals
0,8.0,0.006930005,701
1,8.0,0.010175059,1001
