iterations,fitness,time,fevals
0,10.0,0.019182766,501
1,17.0,0.039560049,1101
