iterations,fitness,time,fevals
0,14.0,0.080623349,601
1,13.0,0.126660147,1001
