iterations,fitness,time,fevals
0,14.0,0.078893489,1001
1,15.0,0.095708004,1301
