iterations,fitness,time,fevals
0,18.0,0.127721124,901
1,18.0,0.187141781,1401
