iterations,fitness,time,fevals
0,17.0,0.026375672,1001
1,15.0,0.030696562,1301
