iterations,fitness,time,fevals
0,8.0,0.024008865,601
1,8.0,0.032372382,901
