iterations,fitness,time,fevals
0,13.0,0.05499607,701
1,14.0,0.081640681,1101
