iterations,fitness,time,fevals
0,15.0,0.130038465,901
1,15.0,0.164625297,1201
