iterations,fitness,time,fevals
0,69.0,0.002442637,3189
1,68.0,0.002665194,3459
