iterations,fitness,time,fevals
0,128.0,0.003314193,2889
1,136.0,0.00619668,5583
