iterations,fitness,time,fevals
0,66.0,0.002261931,3080
1,68.0,0.002576124,3482
