iterations,fitness,time,fevals
0,39.0,0.000658628,1176
1,42.0,0.003106985,5116
