iterations,fitness,time,fevals
0,129.0,0.002677807,2425
1,132.0,0.005725553,5069
