iterations,fitness,time,fevals
0,134.0,0.005923837,5139
1,134.0,0.011341777,8307
