iterations,fitness,time,fevals
0,38.0,0.008519422,5262
1,42.0,0.010314014,8182
