iterations,fitness,time,fevals
0,101.0,0.016086292,8122
1,101.0,0.021139789,9239
