iterations,fitness,time,fevals
0,34.0,0.000379596,680
1,36.0,0.000504053999999,855
