iterations,fitness,time,fevals
0,75.0,0.003104938,4412
1,75.0,0.003629642,5131
