iterations,fitness,time,fevals
0,125.0,0.002529578,2213
1,125.0,0.002704438,2354
