iterations,fitness,time,fevals
0,35.0,0.00084709,1455
1,35.0,0.001134631,1919
