iterations,fitness,time,fevals
0,119.0,0.001408639,1225
1,127.0,0.005301875,4540
