iterations,fitness,time,fevals
0,109.0,0.004082796,4531
1,108.0,0.004376689,4843
