iterations,fitness,time,fevals
0,42.0,0.002077593,3660
1,42.0,0.002364996,4161
