iterations,fitness,time,fevals
0,67.0,0.001725956,2336
1,71.0,0.004305613,5745
