iterations,fitness,time,fevals
0,89.0,0.000650591,688
1,113.0,0.006598746,7219
