iterations,fitness,time,fevals
0,102.0,0.004946676,5087
1,102.0,0.005592267,5772
