iterations,fitness,time,fevals
0,92.0,0.001470102,1617
1,95.0,0.002229441,2424
