iterations,fitness,time,fevals
0,6674.82556649,8.64700000136e-06,5
1,6868.17148487,1.91210000011e-05,10
