iterations,fitness,time,fevals
0,7555.50037587,1.01519999944e-05,4
1,7835.08958875,0.000118365999988,8
