iterations,fitness,time,fevals
0,7409.50326368,6.8549999952e-06,4
1,7409.50326368,1.47499999983e-05,6
