iterations,fitness,time,fevals
0,6499.8716208,1.34609999947e-05,4
1,6678.32410946,3.39999999923e-05,10
