iterations,fitness,time,fevals
0,6260.07972765,7.72500000323e-06,4
1,6260.07972765,4.61110000032e-05,6
