iterations,fitness,time,fevals
0,6351.30778766,8.72600000434e-06,5
1,6432.9837959,1.92420000076e-05,8
