iterations,fitness,time,fevals
0,5414.2925437,1.85889999997e-05,4
1,5458.45268424,3.03539999962e-05,8
