iterations,fitness,time,fevals
0,6942.14375667,9.1900000001e-06,4
1,7476.44033519,2.56820000004e-05,12
