iterations,fitness,time,fevals
0,8857.29674333,9.34999999913e-06,5
1,8992.07616393,2.01570000016e-05,8
