iterations,fitness,time,fevals
0,8797.41348056,8.91799999891e-06,4
1,8800.79512401,1.89060000011e-05,6
