iterations,fitness,time,fevals
0,8420.61607062,1.41249999999e-05,7
1,8635.67758463,2.69359999976e-05,10
