iterations,fitness,time,fevals
0,5846.18284051,1.56789999934e-05,5
1,6069.41462923,2.62679999921e-05,9
