iterations,fitness,time,fevals
0,6973.82858788,1.03790000026e-05,6
1,7435.35044294,2.48770000013e-05,14
