iterations,fitness,time,fevals
0,8318.95919391,1.06009999996e-05,5
1,8459.18655413,2.16409999965e-05,7
