iterations,fitness,time,fevals
0,5617.16791089,8.87499999891e-06,4
1,5646.96801912,2.6236999993e-05,8
