iterations,fitness,time,fevals
0,5650.38018972,8.066999996e-06,5
1,5697.83726549,1.67339999919e-05,8
