iterations,fitness,time,fevals
0,6477.37297734,9.24699999416e-06,5
1,6477.37297734,1.82939999931e-05,7
