iterations,fitness,time,fevals
0,9571.06864352,6.52749999972e-05,5
1,9596.22790304,7.39400000001e-05,7
