iterations,fitness,time,fevals
0,7153.56529109,9.83300000001e-06,4
1,7153.56529109,3.42850000052e-05,6
