iterations,fitness,time,fevals
0,6593.33948696,6.76799999866e-06,4
1,6593.33948696,1.94610000008e-05,6
