iterations,fitness,time,fevals
0,7031.2006534,2.79129999967e-05,25
1,7059.82702267,3.79700000011e-05,28
