iterations,fitness,time,fevals
0,6675.94763466,5.92120000036e-05,26
1,6675.94763466,7.22360000012e-05,28
