iterations,fitness,time,fevals
0,8308.87111304,3.93569999986e-05,27
1,8518.68098113,5.40240000007e-05,30
