iterations,fitness,time,fevals
0,8886.12191345,3.93369999969e-05,30
1,9039.26029298,5.20110000011e-05,35
