iterations,fitness,time,fevals
0,6507.18346408,3.75449999979e-05,26
1,6507.18346408,5.13860000027e-05,28
