iterations,fitness,time,fevals
0,6170.08471857,4.02429999937e-05,29
1,6170.08471857,6.14069999969e-05,31
