iterations,fitness,time,fevals
0,8994.39185379,6.28839999948e-05,27
1,9061.35650713,8.03719999993e-05,29
