iterations,fitness,time,fevals
0,7899.05331053,3.16490000003e-05,27
1,7899.05331053,4.11510000049e-05,29
