iterations,fitness,time,fevals
0,9133.0505628,4.19639999976e-05,26
1,9133.0505628,5.48729999963e-05,28
