iterations,fitness,time,fevals
0,6783.35003163,3.25230000016e-05,25
1,6802.34444949,4.66529999983e-05,27
