iterations,fitness,time,fevals
0,8812.51163673,0.000103973999998,28
1,8932.1365603,0.000127087999992,33
