iterations,fitness,time,fevals
0,9790.38504911,4.58909999992e-05,26
1,10206.0122061,6.77069999995e-05,31
