iterations,fitness,time,fevals
0,8231.10121305,5.1311e-05,32
1,8245.76521351,6.60349999961e-05,35
