iterations,fitness,time,fevals
0,8130.14954801,4.96980000051e-05,30
1,8244.28613297,7.06950000051e-05,32
