iterations,fitness,time,fevals
0,10182.4853865,3.71340000029e-05,26
1,10249.0573952,4.93760000069e-05,30
