iterations,fitness,time,fevals
0,8735.37768685,5.33389999973e-05,30
1,8735.37768685,6.69709999954e-05,32
