iterations,fitness,time,fevals
0,8387.63034315,7.97880000007e-05,26
1,8533.53987113,9.51789999988e-05,29
