iterations,fitness,time,fevals
0,7583.88935259,3.74620000017e-05,26
1,7586.37225687,5.48850000044e-05,29
