iterations,fitness,time,fevals
0,7983.83647471,4.58819999949e-05,28
1,8109.08285682,6.53099999965e-05,31
