iterations,fitness,time,fevals
0,8811.19860374,7.11039999999e-05,30
1,8862.13770375,8.66939999966e-05,32
