iterations,fitness,time,fevals
0,7.0,0.000240396,88
1,7.0,0.000263246,90
