iterations,fitness,time,fevals
0,8.0,0.000283681,88
1,8.0,0.000307088,90
