iterations,fitness,time,fevals
0,7.0,0.000118502,86
1,7.0,0.000140568,88
