iterations,fitness,time,fevals
0,9.0,0.000222776,87
1,9.0,0.000252477,89
