iterations,fitness,time,fevals
0,10.0,0.000145736,87
1,10.0,0.000165857,89
