iterations,fitness,time,fevals
0,8.0,0.000133746,84
1,8.0,0.000148174,86
