iterations,fitness,time,fevals
0,7.0,0.000241258,87
1,7.0,0.000261854,89
