iterations,fitness,time,fevals
0,9.0,0.000123653,84
1,9.0,0.0001428,86
