iterations,fitness,time,fevals
0,9.0,0.000253161,87
1,9.0,0.000282914,89
