iterations,fitness,time,fevals
0,7.0,0.000240025,85
1,7.0,0.000263617,87
