iterations,fitness,time,fevals
0,7.0,0.0002896,88
1,7.0,0.000312686,90
