iterations,fitness,time,fevals
0,10.0,0.000126814,85
1,10.0,0.000146905,87
