iterations,fitness,time,fevals
0,6.0,0.000118588,86
1,6.0,0.000155318,88
