iterations,fitness,time,fevals
0,6.0,0.000241133,86
1,6.0,0.000272766,88
