iterations,fitness,time,fevals
0,5.0,0.000104252,86
1,5.0,0.000118011,88
