iterations,fitness,time,fevals
0,7.0,0.000192715,84
1,7.0,0.000214072,86
