iterations,fitness,time,fevals
0,6.0,0.000253877,87
1,6.0,0.000279226,89
