iterations,fitness,time,fevals
0,85.0,1.19450000002e-05,4
1,85.0,2.56520000006e-05,6
