iterations,fitness,time,fevals
0,42.0,1.27820000002e-05,4
1,44.0,3.04170000005e-05,7
