iterations,fitness,time,fevals
0,101.0,3.14080000003e-05,4
1,101.0,6.58380000003e-05,6
