iterations,fitness,time,fevals
0,89.0,1.43160000001e-05,4
1,89.0,4.35040000002e-05,6
