iterations,fitness,time,fevals
0,102.0,1.36530000003e-05,4
1,102.0,2.85570000003e-05,6
