iterations,fitness,time,fevals
0,25.0,3.65139999996e-05,6
1,25.0,5.13979999996e-05,8
