iterations,fitness,time,fevals
0,106.0,2.02329999999e-05,4
1,108.0,4.12330000001e-05,6
