iterations,fitness,time,fevals
0,102.0,2.78320000002e-05,5
1,102.0,5.06190000005e-05,7
