iterations,fitness,time,fevals
0,70.0,2.12020000001e-05,4
1,72.0,4.17380000002e-05,6
