iterations,fitness,time,fevals
0,79.0,1.94419999997e-05,4
1,79.0,3.88529999999e-05,6
