iterations,fitness,time,fevals
0,79.0,1.43070000003e-05,4
1,79.0,2.78740000001e-05,6
