iterations,fitness,time,fevals
0,55.0,1.22089999999e-05,4
1,59.0,2.74849999999e-05,8
