iterations,fitness,time,fevals
0,25.0,1.90900000003e-05,4
1,25.0,3.91020000001e-05,6
