iterations,fitness,time,fevals
0,51.0,2.50669999997e-05,4
1,55.0,5.04139999995e-05,8
