iterations,fitness,time,fevals
0,84.0,1.31680000002e-05,4
1,84.0,2.92930000003e-05,6
